{"cameraMode":{"drawMode":0,"name":"Shaded","section":"Shading Mode"},"sceneLighting":true,"audioPlay":false,"sceneViewState":{"showFog":true,"showMaterialUpdate":true,"showSkybox":true,"showFlares":true,"showImageEffects":true,"showParticleSystems":true},"in2DMode":false,"pivot":{"x":58.29582214355469,"y":3.0547983646392824,"z":-43.07685089111328},"rotation":{"x":-0.024905409663915635,"y":0.6889679431915283,"z":0.007335335481911898,"w":0.725588858127594},"size":9.58765697479248,"orthographic":false}